제조사/유통사,제품수,대표인증구분
이마트,1163,친환경인증농산물
올가홀푸드,624,친환경인증농산물
두레생협,522,친환경인증농산물
농협하나로유통,424,친환경인증농산물
(주)엘지생활건강,159,환경표지
롯데마트,114,친환경인증농산물
애경산업(주),55,환경표지
(주)정식품,54,환경성적
홈플러스,52,친환경인증농산물
(주)매일유업,49,친환경인증농산물
유가원,48,친환경인증농산물
제주특별자치도개발공사,36,환경성적
(주)신세계까사,35,환경표지
유한킴벌리(주),34,환경표지
라토영농조합법인,34,친환경인증농산물
삼양식품(주),33,저탄소제품
라이온코리아(주),33,환경표지
(주)메리스랩,31,환경표지
(주)유한양행,22,환경표지
롯데칠성음료(주),22,저탄소제품
(주)슈가에코,19,환경표지
(주)쌍용씨앤비,15,환경표지
헨켈홈케어코리아(유),15,환경표지
(주)무궁화,15,환경표지
씨제이제일제당(주),14,환경성적
아이배냇(주),14,친환경인증농산물
광동제약(주),13,환경성적
(주)에코띠끄코리아,11,환경표지
(유)강청,10,환경표지
(주)에코매스,9,환경표지
부림제지(주),9,환경표지
(주)생활공작소,9,환경표지
(사)한국지체장애인협회(춘천시장애인근로사업장),9,환경표지
베베스트(주),9,친환경인증농산물
(주)피죤,9,환경표지
서울우유협동조합 양주신공장,8,저탄소축산물
크리미오,8,환경표지
스파클(주),8,저탄소제품
(주)삼양사,8,저탄소제품
(주)빙그레,8,환경성적
한국청정음료(주),7,환경성적
(주)흥국에프엔비,7,환경성적
(주)진케미칼,7,환경표지
(주)비락,7,친환경인증농산물
(주)불스원,7,환경표지
풀무원샘물(주),7,저탄소제품
(주)사옹원,6,환경성적
(주)클레마랑,6,환경표지
(주)화인바이오,6,환경성적
(주)에코씨,6,환경표지
광동제약㈜,6,환경성적
영오산업(주),6,환경표지
코카콜라음료 주식회사,6,환경성적
삼정펄프(주),6,환경표지
해태에이치티비(주),5,환경성적
(주)퍼펙트코리아,5,환경표지
(주)제이앤이,5,환경성적
풀무원식품(주),5,친환경인증농산물
(주)모나리자,5,환경표지
(주)대왕,5,환경표지
주식회사 자임에프앤비,4,친환경인증농산물
주식회사 우리에프엔비,4,환경성적
고려케미칼,4,환경표지
(주)푸른들,4,환경표지
(주)한국생활건강,4,친환경인증농산물
불스원,4,환경표지
농업회사법인 쌍계명차(주),4,친환경인증농산물
(주)에버미라클,4,환경표지
샘표식품 주식회사,4,친환경인증농산물
미찌푸드주식회사,4,환경성적
(주) 쟈뎅,4,환경성적
(주)노루페인트,4,환경표지
(주)베베쿡,4,친환경인증농산물
(주)성림제지공업,4,환경표지
한울허브팜,4,환경성적
사회복지법인천주교청주교구사회복지회프란치스코의집,4,환경표지
(주)동방제지,3,환경표지
(주)동원에프앤비,3,친환경인증농산물
소백산영농조합법인,3,친환경인증농산물
주식회사 하림산업 함열식품공장,3,친환경인증농산물
서울우유협동조합 안산공장,3,친환경인증농산물
(주)꿈꾸는콩,3,친환경인증농산물
(주)씨에이치하모니,3,환경표지
(주) 청화농산,3,환경성적
(주) 래딕스글로비즈,3,환경성적
(주) 오죤바이오플러스,3,환경성적
메디코리아,3,환경성적
두손,3,환경표지
만인산농협산지유통센터,3,친환경인증농산물
에코소랑,3,환경표지
태평제지(주),3,환경표지
카리타스보호작업장,3,환경표지
남양유업(주),3,친환경인증농산물
(주)자연과함께,3,환경표지
(사)장애인고용진흥회,2,환경표지
(사)한마음장애인복지회(한마음사업단),2,환경표지
(사)한국장애인소비자연합 인쇄사업단,2,환경표지
주식회사 아크솔루션스 (Ark Solutions Inc.),2,저탄소제품
함께사는세상,2,환경표지
주식회사 제이웨이브,2,저탄소제품
주식회사 에스디씨,2,환경성적
춘우물산,2,환경성적
웅진식품(주),2,친환경인증농산물
유일실업,2,환경표지
유니시티코리아(유),2,환경표지
엔씨티(NCT),2,환경표지
(주)극동케미칼,2,환경표지
(주)개미식품,2,저탄소제품
(주)삼정크린,2,환경표지
(주)소프롱,2,환경표지
(주)좋은아침,2,환경표지
(주)한국미라클피플사,2,환경표지
(주)쟈뎅,2,저탄소제품
(주)케이앤에스,2,환경표지
(주)에스앤푸드,2,환경성적
(주)어울림크린텍,2,환경표지
(주)엔크리너,2,환경표지
(주)연우,2,환경표지
녹차원(주),2,친환경인증농산물
동구바이오제약,2,친환경인증농산물
두레생협/롯데마트,2,친환경인증농산물
벡스인터코퍼레이션(주),2,환경표지
주식회사 웰크론헬스케어,2,환경성적
주식회사캐비네드아난티,2,환경표지
주식회사 크린하우스,2,환경성적
주식회사 팔도,2,환경성적
미래특수제지(주),2,환경표지
(주)스피어파워,1,환경성적
(주)세현피앤피,1,환경표지
(주)세스코,1,환경표지
(주)신희,1,환경표지
(주)사라야코리아,1,환경표지
(주)바이오버스,1,환경표지
(주)미라클코리아,1,환경표지
(주)동일프라텍,1,환경표지
(주)대한식품,1,환경성적
(사)에코언니야,1,환경표지
(주)남부식품,1,환경성적
(주)삼양패키징광혜원공장,1,친환경인증농산물
(주)팔도,1,친환경인증농산물
(주)크린피아,1,저탄소제품
(주)크리미오,1,환경표지
만인산농협거점스마트APC,1,친환경인증농산물
농업회사법인 (주)명계,1,친환경인증농산물
그린코스,1,환경표지
농업회사법인 주식회사 오늘농산,1,친환경인증농산물
농헙회사법인(주) 가교농산,1,친환경인증농산물
농업회사법인닥터애그(주),1,친환경인증농산물
농헙회사법인(주) 미미청아랑,1,친환경인증농산물
깨끗한나라(주),1,환경표지
농업회사법인 산촌들,1,친환경인증농산물
다원팜 농업회사법인(유),1,친환경인증농산물
(주)월드산업,1,환경표지
(주)이엠그린,1,환경표지
(주)팜파스,1,환경표지
사회복지법인에덴복지재단형원,1,환경표지
사회복지법인구세군장애인재활작업장,1,환경표지
삼진그린푸드,1,환경표지
이옥선,1,친환경인증농산물
에스앤푸드 주식회사,1,환경성적
에이치케이이노엔(주),1,환경성적
엘지전자(주),1,환경표지
삼화페인트공업(주),1,환경표지
서우유협동조합/이마트,1,저탄소축산물
신창제지공업(주),1,환경표지
쌍계명가(주),1,친환경인증농산물
춘강장애인근로센터,1,환경표지
청옥보호작업장,1,환경표지
주식회사 하이베러,1,환경성적
주식회사 쿠엔즈버킷,1,환경성적
일동후디스(주),1,친환경인증농산물
파생상품,1,환경표지
하늘담,1,환경표지
현대엔텍,1,환경표지
